<?xml version="1.0" encoding="utf-8"?>
<selector xmlns:android="http://schemas.android.com/apk/res/android">
    <item android:state_enabled="true" android:state_focused="true">
        <shape android:shape="rectangle">
            <solid android:color="@color/white"></solid>
            <corners android:radius="10dp" />
            <stroke android:width="1dp" android:color="@color/design_default_color_primary_dark"></stroke>
        </shape>
    </item>

    <item android:state_enabled="true" >
        <shape android:shape="rectangle">
            <solid android:color="@color/white"></solid>
            <corners android:radius="10dp" />
            <stroke android:width="1dp" android:color="@android:color/darker_gray"></stroke>
        </shape>
    </item>
</selector>